Major,Industry,Avg_Salary,Employment_Rate
PETROLEUM ENGINEERING,Engineering,110000,98.1619473
MINING AND MINERAL ENGINEERING,Engineering,75000,88.2758621
METALLURGICAL ENGINEERING,Engineering,73000,97.5903614
NAVAL ARCHITECTURE AND MARINE ENGINEERING,Engineering,70000,94.9874687
CHEMICAL ENGINEERING,Engineering,65000,93.8902288
NUCLEAR ENGINEERING,Engineering,65000,82.2773593
ACTUARIAL SCIENCE,Business,62000,90.4347826
ASTRONOMY AND ASTROPHYSICS,Physical Sciences,62000,97.8832585
MECHANICAL ENGINEERING,Engineering,60000,94.2657722
ELECTRICAL ENGINEERING,Engineering,60000,94.0826155
COMPUTER ENGINEERING,Engineering,60000,93.4590725
AEROSPACE ENGINEERING,Engineering,60000,93.4837915
BIOMEDICAL ENGINEERING,Engineering,60000,90.791614
MATERIALS SCIENCE,Engineering,60000,97.6957164
ENGINEERING MECHANICS PHYSICS AND SCIENCE,Engineering,58000,99.3665657
BIOLOGICAL ENGINEERING,Engineering,57100,91.2856931
INDUSTRIAL AND MANUFACTURING ENGINEERING,Engineering,57000,95.7124456
GENERAL ENGINEERING,Engineering,56000,94.0175769
ARCHITECTURAL ENGINEERING,Engineering,54000,93.8069217
COURT REPORTING,Law & Public Policy,54000,98.8310308
COMPUTER SCIENCE,Computers & Mathematics,53000,93.6827229
ELECTRICAL ENGINEERING TECHNOLOGY,Engineering,52000,91.2442886
MATERIALS ENGINEERING AND MATERIALS SCIENCE,Engineering,52000,97.2211195
MANAGEMENT INFORMATION SYSTEMS AND STATISTICS,Business,51000,94.1760386
CIVIL ENGINEERING,Engineering,50000,92.9390426
CONSTRUCTION SERVICES,Industrial Arts & Consumer Services,50000,93.9976959
OPERATIONS LOGISTICS AND E-COMMERCE,Business,50000,95.2141297
MISCELLANEOUS ENGINEERING,Engineering,50000,92.5607477
PUBLIC POLICY,Law & Public Policy,50000,87.15737010000001
ENVIRONMENTAL ENGINEERING,Engineering,50000,90.6411425
ENGINEERING TECHNOLOGIES,Engineering,50000,94.4969615
MISCELLANEOUS FINE ARTS,Arts,50000,91.0625
GEOLOGICAL AND GEOPHYSICAL ENGINEERING,Engineering,50000,92.4961715
NURSING,Health,48000,95.5137276
FINANCE,Business,47000,93.9313644
ECONOMICS,Social Science,47000,90.09076830000001
BUSINESS ECONOMICS,Business,46000,90.3551619
INDUSTRIAL PRODUCTION TECHNOLOGIES,Engineering,46000,97.1691903
"NUCLEAR, INDUSTRIAL RADIOLOGY, AND BIOLOGICAL TECHNOLOGIES",Physical Sciences,46000,92.845953
ACCOUNTING,Business,45000,93.0250986
MATHEMATICS,Computers & Mathematics,45000,95.2722862
COMPUTER AND INFORMATION SYSTEMS,Computers & Mathematics,45000,90.6539674
PHYSICS,Physical Sciences,45000,95.1775504
MEDICAL TECHNOLOGIES TECHNICIANS,Health,45000,96.301721
INFORMATION SCIENCES,Computers & Mathematics,45000,93.9258555
STATISTICS AND DECISION SCIENCE,Computers & Mathematics,45000,91.3726334
APPLIED MATHEMATICS,Computers & Mathematics,45000,90.9176693
PHARMACOLOGY,Biology & Life Science,45000,91.4468425
OCEANOGRAPHY,Physical Sciences,44700,94.3005181
ENGINEERING AND INDUSTRIAL MANAGEMENT,Engineering,44000,96.634834
MEDICAL ASSISTING SERVICES,Health,42000,95.7493473
MATHEMATICS AND COMPUTER SCIENCE,Computers & Mathematics,42000,100.0
COMPUTER PROGRAMMING AND DATA PROCESSING,Computers & Mathematics,41300,88.601741
COGNITIVE SCIENCE AND BIOPSYCHOLOGY,Biology & Life Science,41000,92.4763833
SCHOOL STUDENT COUNSELING,Education,41000,89.24205380000001
INTERNATIONAL RELATIONS,Social Science,40100,90.3201057
GENERAL BUSINESS,Business,40000,92.7138532
ARCHITECTURE,Engineering,40000,88.6668051
INTERNATIONAL BUSINESS,Business,40000,90.3824936
PHARMACY PHARMACEUTICAL SCIENCES AND ADMINISTRATION,Health,40000,94.4479173
MOLECULAR BIOLOGY,Biology & Life Science,40000,91.5638836
MISCELLANEOUS BUSINESS & MEDICAL ADMINISTRATION,Business,40000,92.8017026
AGRICULTURE PRODUCTION AND MANAGEMENT,Agriculture & Natural Resources,40000,94.9969164
GENERAL AGRICULTURE,Agriculture & Natural Resources,40000,98.0357537
MISCELLANEOUS ENGINEERING TECHNOLOGIES,Engineering,40000,94.746148
MECHANICAL ENGINEERING RELATED TECHNOLOGIES,Engineering,40000,94.3642922
GENETICS,Biology & Life Science,40000,96.5882353
MISCELLANEOUS SOCIAL SCIENCES,Social Science,40000,92.6920462
UNITED STATES HISTORY,Humanities & Liberal Arts,40000,95.2820513
INDUSTRIAL AND ORGANIZATIONAL PSYCHOLOGY,Psychology & Social Work,40000,89.1213389
AGRICULTURAL ECONOMICS,Agriculture & Natural Resources,40000,92.2750424
PHYSICAL SCIENCES,Physical Sciences,40000,96.4646465
MILITARY TECHNOLOGIES,Industrial Arts & Consumer Services,40000,100.0
CHEMISTRY,Physical Sciences,39000,94.60276
"ELECTRICAL, MECHANICAL, AND PRECISION TECHNOLOGIES AND PRODUCTION",Industrial Arts & Consumer Services,38400,97.0520497
BUSINESS MANAGEMENT AND ADMINISTRATION,Business,38000,92.7781659
MARKETING AND MARKETING RESEARCH,Business,38000,93.8784936
POLITICAL SCIENCE AND GOVERNMENT,Social Science,38000,89.8825399
GEOGRAPHY,Social Science,38000,88.6541372
MICROBIOLOGY,Biology & Life Science,38000,93.3224128
COMPUTER ADMINISTRATION MANAGEMENT AND SECURITY,Computers & Mathematics,37500,90.0276625
BIOCHEMICAL SCIENCES,Biology & Life Science,37400,91.9468615
BOTANY,Biology & Life Science,37000,100.0
COMPUTER NETWORKING AND TELECOMMUNICATIONS,Computers & Mathematics,36400,84.8150193
GEOLOGY AND EARTH SCIENCE,Physical Sciences,36200,92.4551432
HUMAN RESOURCES AND PERSONNEL MANAGEMENT,Business,36000,94.0430351
PRE-LAW AND LEGAL STUDIES,Law & Public Policy,36000,92.8034984
MISCELLANEOUS HEALTH MEDICAL PROFESSIONS,Health,36000,91.858875
PUBLIC ADMINISTRATION,Law & Public Policy,36000,84.05094
GEOSCIENCES,Physical Sciences,36000,97.5626269
SOCIAL PSYCHOLOGY,Psychology & Social Work,36000,97.0350404
ENVIRONMENTAL SCIENCE,Biology & Life Science,35600,92.1415319
COMMUNICATIONS,Communications & Journalism,35000,92.4823024
CRIMINAL JUSTICE AND FIRE PROTECTION,Law & Public Policy,35000,91.7547801
COMMERCIAL ART AND GRAPHIC DESIGN,Arts,35000,90.3202423
JOURNALISM,Communications & Journalism,35000,93.0823558
MULTI-DISCIPLINARY OR GENERAL SCIENCE,Physical Sciences,35000,94.4193185
ADVERTISING AND PUBLIC RELATIONS,Communications & Journalism,35000,93.2039234
AREA ETHNIC AND CIVILIZATION STUDIES,Humanities & Liberal Arts,35000,93.6570711
SPECIAL NEEDS EDUCATION,Education,35000,95.8492181
PHYSIOLOGY,Biology & Life Science,35000,93.08372
CRIMINOLOGY,Social Science,35000,90.2756081
NUTRITION SCIENCES,Health,35000,93.1299324
HEALTH AND MEDICAL ADMINISTRATIVE SERVICES,Health,35000,91.0373738
COMMUNICATION TECHNOLOGIES,Computers & Mathematics,35000,88.0488531
TRANSPORTATION SCIENCES AND TECHNOLOGIES,Industrial Arts & Consumer Services,35000,92.7275476
NATURAL RESOURCES MANAGEMENT,Agriculture & Natural Resources,35000,93.3380805
NEUROSCIENCE,Biology & Life Science,35000,95.1518325
MULTI/INTERDISCIPLINARY STUDIES,Interdisciplinary,35000,92.9139073
ATMOSPHERIC SCIENCES AND METEOROLOGY,Physical Sciences,35000,97.7771445
FORESTRY,Agriculture & Natural Resources,35000,90.32742569999999
SOIL SCIENCE,Agriculture & Natural Resources,35000,100.0
GENERAL EDUCATION,Education,34000,94.2640071
HISTORY,Humanities & Liberal Arts,34000,90.43330879999999
FRENCH GERMAN LATIN AND OTHER COMMON FOREIGN LANGUAGE STUDIES,Humanities & Liberal Arts,34000,92.4433614
INTERCULTURAL AND INTERNATIONAL STUDIES,Humanities & Liberal Arts,34000,91.6366469
SOCIAL SCIENCE OR HISTORY TEACHER EDUCATION,Education,34000,94.5917059
COMMUNITY AND PUBLIC HEALTH,Health,34000,88.7855613
MATHEMATICS TEACHER EDUCATION,Education,34000,98.3797165
EDUCATIONAL ADMINISTRATION AND SUPERVISION,Education,34000,100.0
HEALTH AND MEDICAL PREPARATORY PROGRAMS,Health,33500,93.0220288
MISCELLANEOUS BIOLOGY,Biology & Life Science,33500,94.1454545
BIOLOGY,Biology & Life Science,33400,92.9275268
SOCIOLOGY,Social Science,33000,91.5048999
MASS MEDIA,Communications & Journalism,33000,91.0163173
TREATMENT THERAPY PROFESSIONS,Health,33000,94.0178793
HOSPITALITY MANAGEMENT,Business,33000,93.8830807
LANGUAGE AND DRAMA EDUCATION,Education,33000,94.9693565
LINGUISTICS AND COMPARATIVE LANGUAGE AND LITERATURE,Humanities & Liberal Arts,33000,89.556429
MISCELLANEOUS EDUCATION,Education,33000,94.0788049
INTERDISCIPLINARY SOCIAL SCIENCES,Social Science,33000,90.7694184
ECOLOGY,Biology & Life Science,33000,94.5524807
SECONDARY TEACHER EDUCATION,Education,32500,94.777102
GENERAL MEDICAL AND HEALTH SERVICES,Health,32400,91.7898379
PHILOSOPHY AND RELIGIOUS STUDIES,Humanities & Liberal Arts,32200,90.3948316
ART AND MUSIC EDUCATION,Education,32100,96.1362253
ENGLISH LANGUAGE AND LITERATURE,Humanities & Liberal Arts,32000,91.227641
ELEMENTARY EDUCATION,Education,32000,95.3414285
PHYSICAL FITNESS PARKS RECREATION AND LEISURE,Industrial Arts & Consumer Services,32000,94.8532727
LIBERAL ARTS,Humanities & Liberal Arts,32000,92.1732408
FILM VIDEO AND PHOTOGRAPHIC ARTS,Arts,32000,89.422776
GENERAL SOCIAL SCIENCES,Social Science,32000,89.6545285
PLANT SCIENCE AND AGRONOMY,Agriculture & Natural Resources,32000,95.4545455
SCIENCE AND COMPUTER TEACHER EDUCATION,Education,32000,95.2736318
PSYCHOLOGY,Psychology & Social Work,31500,91.6189133
MUSIC,Arts,31000,92.4040326
PHYSICAL AND HEALTH EDUCATION TEACHING,Education,31000,92.5332504
ART HISTORY AND CRITICISM,Humanities & Liberal Arts,31000,93.9701716
FINE ARTS,Arts,30500,91.5813704
FAMILY AND CONSUMER SCIENCES,Industrial Arts & Consumer Services,30000,93.2871806
SOCIAL WORK,Psychology & Social Work,30000,93.117208
ANIMAL SCIENCES,Agriculture & Natural Resources,30000,94.9137501
VISUAL AND PERFORMING ARTS,Arts,30000,89.7802581
TEACHER EDUCATION: MULTIPLE LEVELS,Education,30000,96.345417
MISCELLANEOUS PSYCHOLOGY,Psychology & Social Work,30000,94.809217
HUMAN SERVICES AND COMMUNITY ORGANIZATION,Psychology & Social Work,30000,96.2180974
HUMANITIES,Humanities & Liberal Arts,30000,93.1415929
THEOLOGY AND RELIGIOUS VOCATIONS,Humanities & Liberal Arts,29000,93.7371703
STUDIO ARTS,Arts,29000,91.0447761
COSMETOLOGY SERVICES AND CULINARY ARTS,Industrial Arts & Consumer Services,29000,94.4323144
MISCELLANEOUS AGRICULTURE,Agriculture & Natural Resources,29000,94.0233236
ANTHROPOLOGY AND ARCHEOLOGY,Humanities & Liberal Arts,28000,89.72084290000001
COMMUNICATION DISORDERS SCIENCES AND SERVICES,Health,28000,95.2416
EARLY CHILDHOOD EDUCATION,Education,28000,95.9895019
OTHER FOREIGN LANGUAGES,Humanities & Liberal Arts,27500,89.2884274
DRAMA AND THEATER ARTS,Arts,27000,92.245887
COMPOSITION AND RHETORIC,Humanities & Liberal Arts,27000,91.8257793
ZOOLOGY,Biology & Life Science,26000,95.367972
EDUCATIONAL PSYCHOLOGY,Psychology & Social Work,25000,93.4887813
CLINICAL PSYCHOLOGY,Psychology & Social Work,25000,85.0951802
COUNSELING PSYCHOLOGY,Psychology & Social Work,23400,94.6379354
LIBRARY SCIENCE,Education,22000,89.5054282
